ID,Correlated,Pearson
3168,3848,0.999964
3166,3167,0.988590
3167,3848,0.999929
3166,3848,0.988572
3167,3168,0.999895
3166,3168,0.988522
